date,season,year,month,holiday,weekday,weather,temperature,humidity,windspeed,casual,registered,total_count
1/01/2011,Spring,2011,1,0,Sun,2,14.11,80.58,10.75,331,654,985
2/01/2011,Spring,2011,1,0,Mon,2,14.9,69.61,16.65,131,670,801
3/01/2011,Spring,2011,1,0,Tues,1,8.05,43.73,16.64,120,1229,1349
4/01/2011,Spring,2011,1,0,Wed,1,8.2,59.04,10.74,108,1454,1562
5/01/2011,Spring,2011,1,0,Thurs,1,9.31,43.7,12.52,82,1518,1600
6/01/2011,Spring,2011,1,0,Fri,1,8.38,51.83,6,88,1518,1606
7/01/2011,Spring,2011,1,0,Sat,2,8.06,49.87,11.3,148,1362,1510
8/01/2011,Spring,2011,1,0,Sun,2,6.77,53.58,17.88,68,891,959
9/01/2011,Spring,2011,1,0,Mon,1,5.67,43.42,24.25,54,768,822
10/01/2011,Spring,2011,1,0,Tues,1,6.18,48.29,14.96,41,1280,1321
11/01/2011,Spring,2011,1,0,Wed,2,6.93,68.64,8.18,43,1220,1263
12/01/2011,Spring,2011,1,0,Thurs,1,7.08,59.95,20.41,25,1137,1162
13/01/2011,Spring,2011,1,0,Fri,1,6.77,47.04,20.17,38,1368,1406
14/01/2011,Spring,2011,1,0,Sat,1,6.6,53.78,8.48,54,1367,1421
15/01/2011,Spring,2011,1,0,Sun,2,9.57,49.88,10.58,222,1026,1248
16/01/2011,Spring,2011,1,0,Mon,1,9.5,48.38,12.63,251,953,1204
17/01/2011,Spring,2011,1,1,Tues,2,7.21,53.75,13,117,883,1000
18/01/2011,Spring,2011,1,0,Wed,2,8.88,86.17,9.83,9,674,683
19/01/2011,Spring,2011,1,0,Thurs,2,11.98,74.17,13.96,78,1572,1650
20/01/2011,Spring,2011,1,0,Fri,2,10.73,53.83,13.13,83,1844,1927
21/01/2011,Spring,2011,1,0,Sat,1,7.28,45.71,23.67,75,1468,1543
22/01/2011,Spring,2011,1,0,Sun,1,2.42,40,11.52,93,888,981
23/01/2011,Spring,2011,1,0,Mon,1,3.96,43.65,16.52,150,836,986
24/01/2011,Spring,2011,1,0,Tues,1,3.99,49.17,10.61,86,1330,1416
25/01/2011,Spring,2011,1,0,Wed,2,9.16,61.7,8.7,186,1799,1985
26/01/2011,Spring,2011,1,0,Thurs,3,8.92,86.25,19.69,34,472,506
27/01/2011,Spring,2011,1,0,Fri,1,8,68.75,7.63,15,416,431
28/01/2011,Spring,2011,1,0,Sat,2,8.34,79.3,8.26,38,1129,1167
29/01/2011,Spring,2011,1,0,Sun,1,8.06,65.17,9.74,123,975,1098
30/01/2011,Spring,2011,1,0,Mon,1,8.88,72.22,4.96,140,956,1096
31/01/2011,Spring,2011,1,0,Tues,2,7.41,60.38,12.54,42,1459,1501
1/02/2011,Spring,2011,2,0,Wed,2,7.88,82.96,3.57,47,1313,1360
2/02/2011,Spring,2011,2,0,Thurs,2,10.66,77.54,17.71,72,1454,1526
3/02/2011,Spring,2011,2,0,Fri,1,7.67,43.78,18.61,61,1489,1550
4/02/2011,Spring,2011,2,0,Sat,2,8.66,58.52,8.57,88,1620,1708
5/02/2011,Spring,2011,2,0,Sun,2,9.57,92.92,10.79,100,905,1005
6/02/2011,Spring,2011,2,0,Mon,1,11.72,56.83,9.5,354,1269,1623
7/02/2011,Spring,2011,2,0,Tues,1,11.14,73.83,3.04,120,1592,1712
8/02/2011,Spring,2011,2,0,Wed,1,9.05,53.79,24.25,64,1466,1530
9/02/2011,Spring,2011,2,0,Thurs,2,5.53,49.48,12.65,53,1552,1605
10/02/2011,Spring,2011,2,0,Fri,1,5.92,43.74,14.87,47,1491,1538
11/02/2011,Spring,2011,2,0,Sat,1,7.75,50.64,7.27,149,1597,1746
12/02/2011,Spring,2011,2,0,Sun,1,9.12,54.42,13.63,288,1184,1472
13/02/2011,Spring,2011,2,0,Mon,1,12.98,45.74,17.48,397,1192,1589
14/02/2011,Spring,2011,2,0,Tues,1,17.02,37.58,28,208,1705,1913
15/02/2011,Spring,2011,2,0,Wed,1,10.91,31.43,19.52,140,1675,1815
16/02/2011,Spring,2011,2,0,Thurs,1,13.05,42.35,16.87,218,1897,2115
17/02/2011,Spring,2011,2,0,Fri,1,17.87,50.5,15.42,259,2216,2475
18/02/2011,Spring,2011,2,0,Sat,1,21.39,51.67,17.75,579,2348,2927
19/02/2011,Spring,2011,2,0,Sun,1,16.37,18.79,34,532,1103,1635
20/02/2011,Spring,2011,2,0,Mon,1,11.69,40.78,14.96,639,1173,1812
21/02/2011,Spring,2011,2,1,Tues,2,12.44,60.5,20.63,195,912,1107
22/02/2011,Spring,2011,2,0,Wed,1,7.47,57.78,13.11,74,1376,1450
23/02/2011,Spring,2011,2,0,Thurs,1,9.09,42.3,6.31,139,1778,1917
24/02/2011,Spring,2011,2,0,Fri,2,12.12,69.74,16.78,100,1707,1807
25/02/2011,Spring,2011,2,0,Sat,2,14.94,71.22,23.22,120,1341,1461
26/02/2011,Spring,2011,2,0,Sun,1,11.58,53.79,12.5,424,1545,1969
27/02/2011,Spring,2011,2,0,Mon,1,14.08,68,8.39,694,1708,2402
28/02/2011,Spring,2011,2,0,Tues,2,16.7,87.64,19.41,81,1365,1446
1/03/2011,Spring,2011,3,0,Wed,1,10.93,53.5,14.5,137,1714,1851
2/03/2011,Spring,2011,3,0,Thurs,1,13.74,44.96,20.62,231,1903,2134
3/03/2011,Spring,2011,3,0,Fri,1,8.13,31.83,15.13,123,1562,1685
4/03/2011,Spring,2011,3,0,Sat,2,10.73,61.04,13.62,214,1730,1944
5/03/2011,Spring,2011,3,0,Sun,2,15.75,78.92,16.88,640,1437,2077
6/03/2011,Spring,2011,3,0,Mon,2,15.44,94.83,23,114,491,605
7/03/2011,Spring,2011,3,0,Tues,1,10.73,55.13,22.87,244,1628,1872
8/03/2011,Spring,2011,3,0,Wed,1,11.99,42.08,8.08,316,1817,2133
9/03/2011,Spring,2011,3,0,Thurs,2,12.13,77.54,14.75,191,1700,1891
10/03/2011,Spring,2011,3,0,Fri,3,15.95,0,17.55,46,577,623
11/03/2011,Spring,2011,3,0,Sat,2,12.98,64.96,15.61,247,1730,1977
12/03/2011,Spring,2011,3,0,Sun,1,13.5,59.46,14.79,724,1408,2132
13/03/2011,Spring,2011,3,0,Mon,1,15.76,52.74,18.13,982,1435,2417
14/03/2011,Spring,2011,3,0,Tues,1,13.33,49.7,9.17,359,1687,2046
15/03/2011,Spring,2011,3,0,Wed,2,13.01,65.57,12.35,289,1767,2056
16/03/2011,Spring,2011,3,0,Thurs,2,14.97,77.65,13.61,321,1871,2192
17/03/2011,Spring,2011,3,0,Fri,1,17.02,60.29,14.04,424,2320,2744
18/03/2011,Spring,2011,3,0,Sat,1,22.14,52.52,15.48,884,2355,3239
19/03/2011,Spring,2011,3,0,Sun,1,19.37,37.92,24.67,1424,1693,3117
20/03/2011,Spring,2011,3,0,Mon,1,13.63,47.38,13.92,1047,1424,2471
21/03/2011,Summer,2011,3,0,Tues,2,17.65,73.74,19.35,401,1676,2077
22/03/2011,Summer,2011,3,0,Wed,1,18.11,62.46,15.13,460,2243,2703
23/03/2011,Summer,2011,3,0,Thurs,2,14.23,83.96,15.7,203,1918,2121
24/03/2011,Summer,2011,3,0,Fri,2,11.69,80.58,16.33,166,1699,1865
25/03/2011,Summer,2011,3,0,Sat,1,10.83,49.5,15.46,300,1910,2210
26/03/2011,Summer,2011,3,0,Sun,1,10.9,39.42,14.04,981,1515,2496
27/03/2011,Summer,2011,3,0,Mon,2,10.37,49.39,12.35,472,1221,1693
28/03/2011,Summer,2011,3,0,Tues,1,10.84,30.22,14.22,222,1806,2028
29/03/2011,Summer,2011,3,0,Wed,1,12.4,31.42,15.21,317,2108,2425
30/03/2011,Summer,2011,3,0,Thurs,2,12.3,64.67,11.58,168,1368,1536
31/03/2011,Summer,2011,3,0,Fri,3,11,91.83,14.58,179,1506,1685
1/04/2011,Summer,2011,4,0,Sat,2,12.3,68.63,17.33,307,1920,2227
2/04/2011,Summer,2011,4,0,Sun,2,12.92,65.38,13.21,898,1354,2252
3/04/2011,Summer,2011,4,0,Mon,1,15.51,48,12.21,1651,1598,3249
4/04/2011,Summer,2011,4,0,Tues,1,23.51,42.63,25.83,734,2381,3115
5/04/2011,Summer,2011,4,0,Wed,2,16.98,64.21,26,167,1628,1795
6/04/2011,Summer,2011,4,0,Thurs,1,16.02,47.08,17.63,413,2395,2808
7/04/2011,Summer,2011,4,0,Fri,1,17.94,60.29,10.87,571,2570,3141
8/04/2011,Summer,2011,4,0,Sat,2,13.77,83.63,15.21,172,1299,1471
9/04/2011,Summer,2011,4,0,Sun,2,14.04,87.75,8.92,879,1576,2455
10/04/2011,Summer,2011,4,0,Mon,2,17.49,85.75,9.83,1188,1707,2895
11/04/2011,Summer,2011,4,0,Tues,2,24.42,71.7,21.74,855,2493,3348
12/04/2011,Summer,2011,4,0,Wed,2,20.6,73.92,18.42,257,1777,2034
13/04/2011,Summer,2011,4,0,Thurs,2,16.91,81.92,16.79,209,1953,2162
14/04/2011,Summer,2011,4,0,Fri,1,19.17,54.04,7.42,529,2738,3267
15/04/2011,Summer,2011,4,1,Sat,1,18.31,67.13,15.17,642,2484,3126
16/04/2011,Summer,2011,4,0,Sun,3,17.66,88.83,22.83,121,674,795
17/04/2011,Summer,2011,4,0,Mon,1,18.72,47.96,20.33,1558,2186,3744
18/04/2011,Summer,2011,4,0,Tues,1,21.01,54.25,10.96,669,2760,3429
19/04/2011,Summer,2011,4,0,Wed,2,20.74,66.58,10.58,409,2795,3204
20/04/2011,Summer,2011,4,0,Thurs,1,24.4,61.42,16.21,613,3331,3944
21/04/2011,Summer,2011,4,0,Fri,1,18.83,40.71,21.79,745,3444,4189
22/04/2011,Summer,2011,4,0,Sat,2,13.8,72.96,14.71,177,1506,1683
23/04/2011,Summer,2011,4,0,Sun,2,18.86,88.79,15.46,1462,2574,4036
24/04/2011,Summer,2011,4,0,Mon,2,23.85,81.08,12.88,1710,2481,4191
25/04/2011,Summer,2011,4,0,Tues,1,24.87,77.67,12.42,773,3300,4073
26/04/2011,Summer,2011,4,0,Wed,1,25.9,72.92,21.88,678,3722,4400
27/04/2011,Summer,2011,4,0,Thurs,2,25.42,83.54,20.92,547,3325,3872
28/04/2011,Summer,2011,4,0,Fri,2,25.32,70.08,21.5,569,3489,4058
29/04/2011,Summer,2011,4,0,Sat,1,20.91,45.71,16.08,878,3717,4595
30/04/2011,Summer,2011,4,0,Sun,1,19.37,50.33,15.75,1965,3347,5312
1/05/2011,Summer,2011,5,0,Mon,2,18.52,76.21,7.13,1138,2213,3351
2/05/2011,Summer,2011,5,0,Tues,2,22.52,73,12.29,847,3554,4401
3/05/2011,Summer,2011,5,0,Wed,2,25.28,69.71,22.96,603,3848,4451
4/05/2011,Summer,2011,5,0,Thurs,2,16.98,73.71,22.04,255,2378,2633
5/05/2011,Summer,2011,5,0,Fri,1,18.83,44.42,19.79,614,3819,4433
6/05/2011,Summer,2011,5,0,Sat,1,19.65,59,15.29,894,3714,4608
7/05/2011,Summer,2011,5,0,Sun,1,21.32,54.13,10.75,1612,3102,4714
8/05/2011,Summer,2011,5,0,Mon,1,21.66,63.17,5,1401,2932,4333
9/05/2011,Summer,2011,5,0,Tues,1,21.83,58.88,11.79,664,3698,4362
10/05/2011,Summer,2011,5,0,Wed,1,21.83,48.92,7.75,694,4109,4803
11/05/2011,Summer,2011,5,0,Thurs,1,22.24,63.29,8.08,550,3632,4182
12/05/2011,Summer,2011,5,0,Fri,1,21.94,74.75,12.71,695,4169,4864
13/05/2011,Summer,2011,5,0,Sat,2,21.01,86.33,12.04,692,3413,4105
14/05/2011,Summer,2011,5,0,Sun,2,21.35,92.25,9.04,902,2507,3409
15/05/2011,Summer,2011,5,0,Mon,2,23.06,86.71,10.25,1582,2971,4553
16/05/2011,Summer,2011,5,0,Tues,1,23.68,78.79,8.5,773,3185,3958
17/05/2011,Summer,2011,5,0,Wed,2,23.03,83.79,18.58,678,3445,4123
18/05/2011,Summer,2011,5,0,Thurs,2,22.55,87,13.5,536,3319,3855
19/05/2011,Summer,2011,5,0,Fri,2,21.76,82.96,7.25,735,3840,4575
20/05/2011,Summer,2011,5,0,Sat,1,22,71.96,8.38,909,4008,4917
21/05/2011,Summer,2011,5,0,Sun,1,24.7,62.67,8.08,2258,3547,5805
22/05/2011,Summer,2011,5,0,Mon,1,24.77,74.96,9.92,1576,3084,4660
23/05/2011,Summer,2011,5,0,Tues,2,25.9,81,15.67,836,3438,4274
24/05/2011,Summer,2011,5,0,Wed,2,27.06,74.08,13.88,659,3833,4492
25/05/2011,Summer,2011,5,0,Thurs,1,27.09,69.63,10.33,740,4238,4978
26/05/2011,Summer,2011,5,0,Fri,1,29.04,67.75,13.38,758,3919,4677
27/05/2011,Summer,2011,5,0,Sat,1,27.95,65.38,16.13,871,3808,4679
28/05/2011,Summer,2011,5,0,Sun,1,26.89,72.96,15.42,2001,2757,4758
29/05/2011,Summer,2011,5,0,Mon,1,27.37,81.88,14.33,2355,2433,4788
30/05/2011,Summer,2011,5,1,Tues,1,30.07,68.5,8.79,1549,2549,4098
31/05/2011,Summer,2011,5,0,Wed,1,31.78,63.67,7.46,673,3309,3982
1/06/2011,Summer,2011,6,0,Thurs,2,31.33,67.71,13.88,513,3461,3974
2/06/2011,Summer,2011,6,0,Fri,1,29.32,30.5,19.58,736,4232,4968
3/06/2011,Summer,2011,6,0,Sat,1,25.42,35.42,16.96,898,4414,5312
4/06/2011,Summer,2011,6,0,Sun,1,26.04,45.63,8.25,1869,3473,5342
5/06/2011,Summer,2011,6,0,Mon,2,26.58,65.25,9.29,1685,3221,4906
6/06/2011,Summer,2011,6,0,Tues,1,27.81,60,8.17,673,3875,4548
7/06/2011,Summer,2011,6,0,Wed,1,29.01,59.79,12.58,763,4070,4833
8/06/2011,Summer,2011,6,0,Thurs,1,31.81,62.21,9.17,676,3725,4401
9/06/2011,Summer,2011,6,0,Fri,2,33.14,56.83,10.04,563,3352,3915
10/06/2011,Summer,2011,6,0,Sat,1,30.96,60.5,9.42,815,3771,4586
11/06/2011,Summer,2011,6,0,Sun,1,29.73,65.46,10.37,1729,3237,4966
12/06/2011,Summer,2011,6,0,Mon,1,28.39,74.79,10.96,1467,2993,4460
13/06/2011,Summer,2011,6,0,Tues,1,26.04,49.46,20.46,863,4157,5020
14/06/2011,Summer,2011,6,0,Wed,1,24.77,50.71,18.04,727,4164,4891
15/06/2011,Summer,2011,6,0,Thurs,1,25.69,47.17,11.25,769,4411,5180
16/06/2011,Summer,2011,6,0,Fri,2,25.76,68.83,13.83,545,3222,3767
17/06/2011,Summer,2011,6,0,Sat,1,26.62,73.58,9.58,863,3981,4844
18/06/2011,Summer,2011,6,0,Sun,1,28.56,67.04,8,1807,3312,5119
19/06/2011,Summer,2011,6,0,Mon,2,28.67,66.67,6.83,1639,3105,4744
20/06/2011,Summer,2011,6,0,Tues,2,26.04,74.63,10.42,699,3311,4010
21/06/2011,Autumn,2011,6,0,Wed,2,27.91,77.04,11.46,774,4061,4835
22/06/2011,Autumn,2011,6,0,Thurs,1,30.07,70.75,11.54,661,3846,4507
23/06/2011,Autumn,2011,6,0,Fri,2,29.86,70.33,16,746,4044,4790
24/06/2011,Autumn,2011,6,0,Sat,1,29.69,57.33,14.88,969,4022,4991
25/06/2011,Autumn,2011,6,0,Sun,1,28.5,48.33,14.04,1782,3420,5202
26/06/2011,Autumn,2011,6,0,Mon,1,27.88,51.33,6.33,1920,3385,5305
27/06/2011,Autumn,2011,6,0,Tues,2,27.98,65.83,7.21,854,3854,4708
28/06/2011,Autumn,2011,6,0,Wed,1,30.51,63.42,9.67,732,3916,4648
29/06/2011,Autumn,2011,6,0,Thurs,1,29.86,49.79,17.54,848,4377,5225
30/06/2011,Autumn,2011,6,0,Fri,1,28.56,43.42,12.42,1027,4488,5515
1/07/2011,Autumn,2011,7,0,Sat,1,29.62,39.63,6.87,1246,4116,5362
2/07/2011,Autumn,2011,7,0,Sun,1,30.27,44.46,7.71,2204,2915,5119
3/07/2011,Autumn,2011,7,0,Mon,2,29.38,68.25,15.33,2282,2367,4649
4/07/2011,Autumn,2011,7,1,Tues,2,29.79,63.79,5.46,3065,2978,6043
5/07/2011,Autumn,2011,7,0,Wed,1,30.61,59.04,8.46,1031,3634,4665
6/07/2011,Autumn,2011,7,0,Thurs,1,29.52,74.33,10.04,784,3845,4629
7/07/2011,Autumn,2011,7,0,Fri,1,30.75,65.13,10.67,754,3838,4592
8/07/2011,Autumn,2011,7,0,Sat,2,29.08,75.79,15.08,692,3348,4040
9/07/2011,Autumn,2011,7,0,Sun,1,30.07,60.92,11.25,1988,3348,5336
10/07/2011,Autumn,2011,7,0,Mon,1,30.65,57.83,12.29,1743,3138,4881
11/07/2011,Autumn,2011,7,0,Tues,1,31.26,63.58,18.92,723,3363,4086
12/07/2011,Autumn,2011,7,0,Wed,1,32.56,55.92,13.42,662,3596,4258
13/07/2011,Autumn,2011,7,0,Thurs,1,30.61,63.17,9.79,748,3594,4342
14/07/2011,Autumn,2011,7,0,Fri,1,27.91,47.63,16.12,888,4196,5084
15/07/2011,Autumn,2011,7,0,Sat,1,27.2,59.13,12.25,1318,4220,5538
16/07/2011,Autumn,2011,7,0,Sun,1,28.15,58.5,13.96,2418,3505,5923
17/07/2011,Autumn,2011,7,0,Mon,1,29.49,60.42,16.42,2006,3296,5302
18/07/2011,Autumn,2011,7,0,Tues,1,30.61,65.13,14.46,841,3617,4458
19/07/2011,Autumn,2011,7,0,Wed,1,31.84,65.04,8.75,752,3789,4541
20/07/2011,Autumn,2011,7,0,Thurs,1,31.5,70.71,7.63,644,3688,4332
21/07/2011,Autumn,2011,7,0,Fri,2,33.42,69.13,14.88,632,3152,3784
22/07/2011,Autumn,2011,7,0,Sat,1,34.78,58.04,8.92,562,2825,3387
23/07/2011,Autumn,2011,7,0,Sun,1,34.82,50,8.79,987,2298,3285
24/07/2011,Autumn,2011,7,0,Mon,1,34.03,55.08,11.33,1050,2556,3606
25/07/2011,Autumn,2011,7,0,Tues,1,30.48,75.71,6.08,568,3272,3840
26/07/2011,Autumn,2011,7,0,Wed,1,31.64,54.08,13.42,750,3840,4590
27/07/2011,Autumn,2011,7,0,Thurs,1,31.78,40.29,12.29,755,3901,4656
28/07/2011,Autumn,2011,7,0,Fri,1,31.95,58.33,11.96,606,3784,4390
29/07/2011,Autumn,2011,7,0,Sat,1,34.37,54.25,11.67,670,3176,3846
30/07/2011,Autumn,2011,7,0,Sun,1,32.97,46.58,11.29,1559,2916,4475
31/07/2011,Autumn,2011,7,0,Mon,1,33.04,48.08,11.04,1524,2778,4302
1/08/2011,Autumn,2011,8,0,Tues,1,31.64,55.08,10.5,729,3537,4266
2/08/2011,Autumn,2011,8,0,Wed,1,32.12,49.13,13.79,801,4044,4845
3/08/2011,Autumn,2011,8,0,Thurs,2,30,65.75,9.08,467,3107,3574
4/08/2011,Autumn,2011,8,0,Fri,2,29.11,75.75,13.21,799,3777,4576
5/08/2011,Autumn,2011,8,0,Sat,1,29.14,63.08,12.37,1023,3843,4866
6/08/2011,Autumn,2011,8,0,Sun,2,29.38,75.5,15.29,1521,2773,4294
7/08/2011,Autumn,2011,8,0,Mon,1,30.44,75.29,13.5,1298,2487,3785
8/08/2011,Autumn,2011,8,0,Tues,1,31.37,59.21,12.88,846,3480,4326
9/08/2011,Autumn,2011,8,0,Wed,1,31.78,57.04,10.13,907,3695,4602
10/08/2011,Autumn,2011,8,0,Thurs,1,31.43,42.42,13.42,884,3896,4780
11/08/2011,Autumn,2011,8,0,Fri,1,29.42,42.38,11.04,812,3980,4792
12/08/2011,Autumn,2011,8,0,Sat,1,29.04,41.5,8.42,1051,3854,4905
13/08/2011,Autumn,2011,8,0,Sun,2,28.12,72.96,14.17,1504,2646,4150
14/08/2011,Autumn,2011,8,0,Mon,2,27.74,81.75,14.92,1338,2482,3820
15/08/2011,Autumn,2011,8,0,Tues,1,27.3,71.21,14,775,3563,4338
16/08/2011,Autumn,2011,8,0,Wed,1,28.73,57.83,15.83,721,4004,4725
17/08/2011,Autumn,2011,8,0,Thurs,1,29.66,57.54,9.63,668,4026,4694
18/08/2011,Autumn,2011,8,0,Fri,1,29.18,65.46,15.62,639,3166,3805
19/08/2011,Autumn,2011,8,0,Sat,2,28.09,72.29,9.33,797,3356,4153
20/08/2011,Autumn,2011,8,0,Sun,1,28.6,67.42,7,1914,3277,5191
21/08/2011,Autumn,2011,8,0,Mon,1,29.14,77,16.67,1249,2624,3873
22/08/2011,Autumn,2011,8,0,Tues,1,28.36,47,18.54,833,3925,4758
23/08/2011,Autumn,2011,8,0,Wed,1,26.27,45.54,9.83,1281,4614,5895
24/08/2011,Autumn,2011,8,0,Thurs,1,27.61,60.5,16.96,949,4181,5130
25/08/2011,Autumn,2011,8,0,Fri,2,28.05,77.17,14.13,435,3107,3542
26/08/2011,Autumn,2011,8,0,Sat,1,28.7,76.13,5.63,768,3893,4661
27/08/2011,Autumn,2011,8,0,Sun,2,27.88,85,25.17,226,889,1115
28/08/2011,Autumn,2011,8,0,Mon,1,28.99,56.18,20.41,1415,2919,4334
29/08/2011,Autumn,2011,8,0,Tues,1,26.1,55.46,10.71,729,3905,4634
30/08/2011,Autumn,2011,8,0,Wed,1,26.21,54.83,8.38,775,4429,5204
31/08/2011,Autumn,2011,8,0,Thurs,1,26.92,59.79,5.58,688,4370,5058
1/09/2011,Autumn,2011,9,0,Fri,1,26.86,63.92,9.5,783,4332,5115
2/09/2011,Autumn,2011,9,0,Sat,2,26.38,72.71,9.38,875,3852,4727
3/09/2011,Autumn,2011,9,0,Sun,1,27.44,71.67,12.42,1935,2549,4484
4/09/2011,Autumn,2011,9,0,Mon,1,29.08,74.21,13.83,2521,2419,4940
5/09/2011,Autumn,2011,9,1,Tues,2,27.61,79.04,14.25,1236,2115,3351
6/09/2011,Autumn,2011,9,0,Wed,3,22.14,88.7,23.04,204,2506,2710
7/09/2011,Autumn,2011,9,0,Thurs,3,24.57,91.71,6.5,118,1878,1996
8/09/2011,Autumn,2011,9,0,Fri,3,25.99,93.96,12.91,153,1689,1842
9/09/2011,Autumn,2011,9,0,Sat,2,26.65,89.79,8.33,417,3127,3544
10/09/2011,Autumn,2011,9,0,Sun,1,27.06,75.38,10.29,1750,3595,5345
11/09/2011,Autumn,2011,9,0,Mon,1,26.79,71.38,7.71,1633,3413,5046
12/09/2011,Autumn,2011,9,0,Tues,1,26.42,69.22,5.96,690,4023,4713
13/09/2011,Autumn,2011,9,0,Wed,1,26.68,71.25,9.5,701,4062,4763
14/09/2011,Autumn,2011,9,0,Thurs,1,27.61,69.71,11.21,647,4138,4785
15/09/2011,Autumn,2011,9,0,Fri,2,23.68,70.92,18.17,428,3231,3659
16/09/2011,Autumn,2011,9,0,Sat,2,19.24,59.04,11,742,4018,4760
17/09/2011,Autumn,2011,9,0,Sun,2,20.16,71.83,12.71,1434,3077,4511
18/09/2011,Autumn,2011,9,0,Mon,1,20.81,69.5,11.96,1353,2921,4274
19/09/2011,Autumn,2011,9,0,Tues,2,22.52,69,10.17,691,3848,4539
20/09/2011,Autumn,2011,9,0,Wed,2,23.03,88.13,9.04,438,3203,3641
21/09/2011,Autumn,2011,9,0,Thurs,2,24.4,90,6.46,539,3813,4352
22/09/2011,Autumn,2011,9,0,Fri,2,25.76,90.21,8.58,555,4240,4795
23/09/2011,Winter,2011,9,0,Sat,2,24.98,97.25,5.25,258,2137,2395
24/09/2011,Winter,2011,9,0,Sun,2,24.87,86.25,5.25,1776,3647,5423
25/09/2011,Winter,2011,9,0,Mon,2,26,84.5,3.38,1544,3466,5010
26/09/2011,Winter,2011,9,0,Tues,2,26.62,84.83,7.42,684,3946,4630
27/09/2011,Winter,2011,9,0,Wed,2,26.1,88.54,7.92,477,3643,4120
28/09/2011,Winter,2011,9,0,Thurs,2,26.04,84.88,9.96,480,3427,3907
29/09/2011,Winter,2011,9,0,Fri,1,25.28,69.92,11.58,653,4186,4839
30/09/2011,Winter,2011,9,0,Sat,1,23.13,64.75,13.83,830,4372,5202
1/10/2011,Winter,2011,10,0,Sun,2,16.81,75.38,19.58,480,1949,2429
2/10/2011,Winter,2011,10,0,Mon,2,14.62,79.17,14.87,616,2302,2918
3/10/2011,Winter,2011,10,0,Tues,2,15.75,76.08,5.58,330,3240,3570
4/10/2011,Winter,2011,10,0,Wed,1,19.85,71,13.79,486,3970,4456
5/10/2011,Winter,2011,10,0,Thurs,1,22.07,64.79,11.88,559,4267,4826
6/10/2011,Winter,2011,10,0,Fri,1,20.26,62.08,9.04,639,4126,4765
7/10/2011,Winter,2011,10,0,Sat,1,20.94,68.42,1.5,949,4036,4985
8/10/2011,Winter,2011,10,0,Sun,1,21.39,70.13,3.04,2235,3174,5409
9/10/2011,Winter,2011,10,0,Mon,1,22.17,72.75,4.25,2397,3114,5511
10/10/2011,Winter,2011,10,1,Tues,1,23.4,73.38,2.83,1514,3603,5117
11/10/2011,Winter,2011,10,0,Wed,2,23.23,80.88,9.58,667,3896,4563
12/10/2011,Winter,2011,10,0,Thurs,3,22.28,90.63,16.63,217,2199,2416
13/10/2011,Winter,2011,10,0,Fri,2,24.16,89.67,9.5,290,2623,2913
14/10/2011,Winter,2011,10,0,Sat,2,22.58,71.63,15,529,3115,3644
15/10/2011,Winter,2011,10,0,Sun,1,20.77,48.33,17.29,1899,3318,5217
16/10/2011,Winter,2011,10,0,Mon,1,20.98,48.67,18.88,1748,3293,5041
17/10/2011,Winter,2011,10,0,Tues,1,21.9,57.96,11.75,713,3857,4570
18/10/2011,Winter,2011,10,0,Wed,2,21.83,70.17,7.38,637,4111,4748
19/10/2011,Winter,2011,10,0,Thurs,3,22.21,89.52,16.3,254,2170,2424
20/10/2011,Winter,2011,10,0,Fri,1,19.51,63.63,28.29,471,3724,4195
21/10/2011,Winter,2011,10,0,Sat,1,17.53,57.42,14.83,676,3628,4304
22/10/2011,Winter,2011,10,0,Sun,1,17.32,62.92,6.21,1499,2809,4308
23/10/2011,Winter,2011,10,0,Mon,1,17.29,74.13,6.67,1619,2762,4381
24/10/2011,Winter,2011,10,0,Tues,1,19,77.21,7.96,699,3488,4187
25/10/2011,Winter,2011,10,0,Wed,1,19.34,62.29,11.17,695,3992,4687
26/10/2011,Winter,2011,10,0,Thurs,2,19.85,72.04,9.96,404,3490,3894
27/10/2011,Winter,2011,10,0,Fri,2,19.27,81.29,13.25,240,2419,2659
28/10/2011,Winter,2011,10,0,Sat,2,13.56,58.58,15.38,456,3291,3747
29/10/2011,Winter,2011,10,0,Sun,3,10.42,88.25,23.54,57,570,627
30/10/2011,Winter,2011,10,0,Mon,1,13.09,62.38,11.83,885,2446,3331
31/10/2011,Winter,2011,10,0,Tues,1,13.94,70.33,7.13,362,3307,3669
1/11/2011,Winter,2011,11,0,Wed,1,16.43,68.38,9.08,410,3658,4068
2/11/2011,Winter,2011,11,0,Thurs,1,15.48,71.88,5.5,370,3816,4186
3/11/2011,Winter,2011,11,0,Fri,1,16.74,70.21,9.17,318,3656,3974
4/11/2011,Winter,2011,11,0,Sat,2,16.54,62.25,18.21,470,3576,4046
5/11/2011,Winter,2011,11,0,Sun,1,13.39,51.92,12.67,1156,2770,3926
6/11/2011,Winter,2011,11,0,Mon,1,14.28,73.46,6.17,952,2697,3649
7/11/2011,Winter,2011,11,0,Tues,1,16.2,75.88,3.83,373,3662,4035
8/11/2011,Winter,2011,11,0,Wed,1,16.74,72.17,4.63,376,3829,4205
9/11/2011,Winter,2011,11,0,Thurs,1,16.4,75.83,4.17,305,3804,4109
10/11/2011,Winter,2011,11,0,Fri,2,15.58,81.33,12.67,190,2743,2933
11/11/2011,Winter,2011,11,1,Sat,1,13.29,44.63,21.08,440,2928,3368
12/11/2011,Winter,2011,11,0,Sun,1,14.62,55.29,14.21,1275,2792,4067
13/11/2011,Winter,2011,11,0,Mon,1,18.07,45.83,18.88,1004,2713,3717
14/11/2011,Winter,2011,11,0,Tues,1,21.73,58.71,20.54,595,3891,4486
15/11/2011,Winter,2011,11,0,Wed,2,21.73,68.88,13.38,449,3746,4195
16/11/2011,Winter,2011,11,0,Thurs,3,18.72,93,9.17,145,1672,1817
17/11/2011,Winter,2011,11,0,Fri,2,14.01,57.58,20.46,139,2914,3053
18/11/2011,Winter,2011,11,0,Sat,1,11.24,41,11.29,245,3147,3392
19/11/2011,Winter,2011,11,0,Sun,1,13.5,50.21,15.04,943,2720,3663
20/11/2011,Winter,2011,11,0,Mon,2,19,68.46,12.46,787,2733,3520
21/11/2011,Winter,2011,11,0,Tues,3,18.35,91,9.25,220,2545,2765
22/11/2011,Winter,2011,11,0,Wed,3,17.08,96.25,7.96,69,1538,1607
23/11/2011,Winter,2011,11,0,Thurs,2,18.07,75.79,22.5,112,2454,2566
24/11/2011,Winter,2011,11,1,Fri,1,15.31,54.92,11.21,560,935,1495
25/11/2011,Winter,2011,11,0,Sat,1,15.38,64.38,6.63,1095,1697,2792
26/11/2011,Winter,2011,11,0,Sun,1,15.41,68.17,4.58,1249,1819,3068
27/11/2011,Winter,2011,11,0,Mon,1,18.83,69.83,14,810,2261,3071
28/11/2011,Winter,2011,11,0,Tues,1,20.64,74.3,9.52,253,3614,3867
29/11/2011,Winter,2011,11,0,Wed,2,18.79,83.08,17.29,96,2818,2914
30/11/2011,Winter,2011,11,0,Thurs,1,13.33,61.33,18.17,188,3425,3613
1/12/2011,Winter,2011,12,0,Fri,1,12.81,52.46,14.75,182,3545,3727
2/12/2011,Winter,2011,12,0,Sat,1,12.88,62.58,6.75,268,3672,3940
3/12/2011,Winter,2011,12,0,Sun,1,12.27,61.29,6.42,706,2908,3614
4/12/2011,Winter,2011,12,0,Mon,1,13.56,77.58,5.63,634,2851,3485
5/12/2011,Winter,2011,12,0,Tues,2,15.82,82.71,4.17,233,3578,3811
6/12/2011,Winter,2011,12,0,Wed,3,18.96,94.96,15.58,126,2468,2594
7/12/2011,Winter,2011,12,0,Thurs,3,16.81,97.04,17.83,50,655,705
8/12/2011,Winter,2011,12,0,Fri,1,10.9,58,16.08,150,3172,3322
9/12/2011,Winter,2011,12,0,Sat,1,11.92,69.58,5.54,261,3359,3620
10/12/2011,Winter,2011,12,0,Sun,1,11.28,50.75,15.63,502,2688,3190
11/12/2011,Winter,2011,12,0,Mon,1,9.05,49,4.46,377,2366,2743
12/12/2011,Winter,2011,12,0,Tues,1,9.77,67.08,4.25,143,3167,3310
13/12/2011,Winter,2011,12,0,Wed,1,11.58,59,9.42,155,3368,3523
14/12/2011,Winter,2011,12,0,Thurs,2,13.02,66.38,4.08,178,3562,3740
15/12/2011,Winter,2011,12,0,Fri,2,17.32,63.42,17.96,181,3528,3709
16/12/2011,Winter,2011,12,0,Sat,2,15.38,50.04,17.46,178,3399,3577
17/12/2011,Winter,2011,12,0,Sun,2,10.59,56.08,16.29,275,2464,2739
18/12/2011,Winter,2011,12,0,Mon,1,9.77,58.63,11.38,220,2211,2431
19/12/2011,Winter,2011,12,0,Tues,1,11.34,63.75,11.58,260,3143,3403
20/12/2011,Winter,2011,12,0,Wed,2,15.82,59.54,4.13,216,3534,3750
21/12/2011,Spring,2011,12,0,Thurs,2,17.56,85.83,14.83,107,2553,2660
22/12/2011,Spring,2011,12,0,Fri,2,17.36,75.75,3.17,227,2841,3068
23/12/2011,Spring,2011,12,0,Sat,1,15.31,68.63,18.37,163,2046,2209
24/12/2011,Spring,2011,12,0,Sun,1,12.4,54.25,12.75,155,856,1011
25/12/2011,Spring,2011,12,0,Mon,1,11.27,68.13,10.39,303,451,754
26/12/2011,Spring,2011,12,1,Tues,1,13.19,50.7,16.04,430,887,1317
27/12/2011,Spring,2011,12,0,Wed,2,13.33,76.25,12.63,103,1059,1162
28/12/2011,Spring,2011,12,0,Thurs,1,12.26,50.39,19.7,255,2047,2302
29/12/2011,Spring,2011,12,0,Fri,1,10.18,57.42,8,254,2169,2423
30/12/2011,Spring,2011,12,0,Sat,1,12.78,63.67,9,491,2508,2999
31/12/2011,Spring,2011,12,0,Sun,1,16.81,61.58,14.75,665,1820,2485
1/01/2012,Spring,2012,1,0,Mon,1,15.17,69.25,12.88,686,1608,2294
2/01/2012,Spring,2012,1,1,Tues,1,11.19,38.13,22.09,244,1707,1951
3/01/2012,Spring,2012,1,0,Wed,1,6.15,44.13,24.5,89,2147,2236
4/01/2012,Spring,2012,1,0,Thurs,2,4.41,41.46,12.37,95,2273,2368
5/01/2012,Spring,2012,1,0,Fri,1,10.9,52.42,8.71,140,3132,3272
6/01/2012,Spring,2012,1,0,Sat,1,13.7,54.21,11.25,307,3791,4098
7/01/2012,Spring,2012,1,0,Sun,1,16.13,53.17,11.71,1070,3451,4521
8/01/2012,Spring,2012,1,0,Mon,1,13.84,46.5,12.83,599,2826,3425
9/01/2012,Spring,2012,1,0,Tues,2,9.19,70.17,6.63,106,2270,2376
10/01/2012,Spring,2012,1,0,Wed,1,12.66,64.65,12.57,173,3425,3598
11/01/2012,Spring,2012,1,0,Thurs,2,11.24,84.75,8.79,92,2085,2177
12/01/2012,Spring,2012,1,0,Fri,2,15.68,80.29,12.12,269,3828,4097
13/01/2012,Spring,2012,1,0,Sat,1,11.24,50.75,25.33,174,3040,3214
14/01/2012,Spring,2012,1,0,Sun,1,7.38,45.75,12.54,333,2160,2493
15/01/2012,Spring,2012,1,0,Mon,1,6.83,41.92,16.83,284,2027,2311
16/01/2012,Spring,2012,1,1,Tues,1,7.79,52.25,15.5,217,2081,2298
17/01/2012,Spring,2012,1,0,Wed,2,15.29,71.61,23.39,127,2808,2935
18/01/2012,Spring,2012,1,0,Thurs,1,12.44,44.33,27.83,109,3267,3376
19/01/2012,Spring,2012,1,0,Fri,1,7.79,49.75,14.75,130,3162,3292
20/01/2012,Spring,2012,1,0,Sat,2,8.92,45,13.58,115,3048,3163
21/01/2012,Spring,2012,1,0,Sun,2,7.11,83.13,14.92,67,1234,1301
22/01/2012,Spring,2012,1,0,Mon,2,6.66,79.63,13.38,196,1781,1977
23/01/2012,Spring,2012,1,0,Tues,2,8.95,91.13,7.42,145,2287,2432
24/01/2012,Spring,2012,1,0,Wed,1,14.04,83.58,8.29,439,3900,4339
25/01/2012,Spring,2012,1,0,Thurs,1,12.06,64.38,10.79,467,3803,4270
26/01/2012,Spring,2012,1,0,Fri,2,14.01,76.96,4.92,244,3831,4075
27/01/2012,Spring,2012,1,0,Sat,2,17.43,74.13,22.96,269,3187,3456
28/01/2012,Spring,2012,1,0,Sun,1,12.95,54.33,14.13,775,3248,4023
29/01/2012,Spring,2012,1,0,Mon,1,11.58,31.13,16.08,558,2685,3243
30/01/2012,Spring,2012,1,0,Tues,1,11.04,40.08,14.46,126,3498,3624
31/01/2012,Spring,2012,1,0,Wed,1,15.99,41.67,17.54,324,4185,4509
1/02/2012,Spring,2012,2,0,Thurs,1,19.24,50.79,12.67,304,4275,4579
2/02/2012,Spring,2012,2,0,Fri,2,16.37,67.29,12.54,190,3571,3761
3/02/2012,Spring,2012,2,0,Sat,1,12.85,52.67,11.96,310,3841,4151
4/02/2012,Spring,2012,2,0,Sun,2,10.83,77.96,8.17,384,2448,2832
5/02/2012,Spring,2012,2,0,Mon,2,10.9,68.79,11.79,318,2629,2947
6/02/2012,Spring,2012,2,0,Tues,1,11.59,62.22,10.3,206,3578,3784
7/02/2012,Spring,2012,2,0,Wed,1,14.52,49.63,9.87,199,4176,4375
8/02/2012,Spring,2012,2,0,Thurs,2,10.52,72.29,8.96,109,2693,2802
9/02/2012,Spring,2012,2,0,Fri,1,10.87,56.21,13,163,3667,3830
10/02/2012,Spring,2012,2,0,Sat,2,11.51,54,7.83,227,3604,3831
11/02/2012,Spring,2012,2,0,Sun,3,9.19,73.13,19.42,192,1977,2169
12/02/2012,Spring,2012,2,0,Mon,1,5.23,46.46,27.42,73,1456,1529
13/02/2012,Spring,2012,2,0,Tues,1,9.12,41.13,11.21,94,3328,3422
14/02/2012,Spring,2012,2,0,Wed,2,13.09,50.88,9.46,135,3787,3922
15/02/2012,Spring,2012,2,0,Thurs,1,14.28,53.13,12.17,141,4028,4169
16/02/2012,Spring,2012,2,0,Fri,2,12.98,75.29,6.13,74,2931,3005
17/02/2012,Spring,2012,2,0,Sat,1,14.08,63.46,13.79,349,3805,4154
18/02/2012,Spring,2012,2,0,Sun,1,14.21,53.46,12.79,1435,2883,4318
19/02/2012,Spring,2012,2,0,Mon,2,11.48,51.58,16.96,618,2071,2689
20/02/2012,Spring,2012,2,1,Tues,1,11.48,50.78,15.35,502,2627,3129
21/02/2012,Spring,2012,2,0,Wed,1,11.8,59.43,13.78,163,3614,3777
22/02/2012,Spring,2012,2,0,Thurs,1,16.23,56.79,15.71,394,4379,4773
23/02/2012,Spring,2012,2,0,Fri,1,18.62,55.46,12.79,516,4546,5062
24/02/2012,Spring,2012,2,0,Sat,2,16.71,73.75,15.92,246,3241,3487
25/02/2012,Spring,2012,2,0,Sun,1,11.92,39.58,28.25,317,2415,2732
26/02/2012,Spring,2012,2,0,Mon,1,11.45,41,13.75,515,2874,3389
27/02/2012,Spring,2012,2,0,Tues,1,15.03,49.08,17.96,253,4069,4322
28/02/2012,Spring,2012,2,0,Wed,1,14.73,39.58,12.96,229,4134,4363
29/02/2012,Spring,2012,2,0,Thurs,2,14.12,80.48,12,65,1769,1834
1/03/2012,Spring,2012,3,0,Fri,1,19.92,61.54,15.21,325,4665,4990
2/03/2012,Spring,2012,3,0,Sat,2,14.49,65.71,9.71,246,2948,3194
3/03/2012,Spring,2012,3,0,Sun,2,16.98,62.13,10.79,956,3110,4066
4/03/2012,Spring,2012,3,0,Mon,1,13.36,40.33,22.42,710,2713,3423
5/03/2012,Spring,2012,3,0,Tues,1,9.98,50.63,15.33,203,3130,3333
6/03/2012,Spring,2012,3,0,Wed,1,10.59,45.67,13.46,221,3735,3956
7/03/2012,Spring,2012,3,0,Thurs,1,16.57,51.33,23.17,432,4484,4916
8/03/2012,Spring,2012,3,0,Fri,1,21.63,56.75,29.58,486,4896,5382
9/03/2012,Spring,2012,3,0,Sat,2,16.84,40.71,27.79,447,4122,4569
10/03/2012,Spring,2012,3,0,Sun,1,11.79,35.04,15.13,968,3150,4118
11/03/2012,Spring,2012,3,0,Mon,1,14.83,47.7,14.91,1658,3253,4911
12/03/2012,Spring,2012,3,0,Tues,1,19.13,48.92,13.92,838,4460,5298
13/03/2012,Spring,2012,3,0,Wed,1,23.17,61.75,15.88,762,5085,5847
14/03/2012,Spring,2012,3,0,Thurs,1,23.47,50.71,7.71,997,5315,6312
15/03/2012,Spring,2012,3,0,Fri,1,22.86,57.96,10.04,1005,5187,6192
16/03/2012,Spring,2012,3,0,Sat,2,17.87,84.21,7.58,548,3830,4378
17/03/2012,Spring,2012,3,0,Sun,2,21.08,75.58,7.42,3155,4681,7836
18/03/2012,Spring,2012,3,0,Mon,2,19.37,81,8.5,2207,3685,5892
19/03/2012,Spring,2012,3,0,Tues,1,22.35,72.88,10.88,982,5171,6153
20/03/2012,Spring,2012,3,0,Wed,1,22.99,80.79,8.13,1051,5042,6093
21/03/2012,Summer,2012,3,0,Thurs,2,21.8,82.13,6,1122,5108,6230
22/03/2012,Summer,2012,3,0,Fri,1,22.72,83.13,7.88,1334,5537,6871
23/03/2012,Summer,2012,3,0,Sat,2,24.67,69.42,7.79,2469,5893,8362
24/03/2012,Summer,2012,3,0,Sun,2,20.6,88.54,12.92,1033,2339,3372
25/03/2012,Summer,2012,3,0,Mon,2,17.94,88.08,14.79,1532,3464,4996
26/03/2012,Summer,2012,3,0,Tues,1,18.28,47.79,25.92,795,4763,5558
27/03/2012,Summer,2012,3,0,Wed,1,13.26,29,12.54,531,4571,5102
28/03/2012,Summer,2012,3,0,Thurs,1,19.85,48.13,19.54,674,5024,5698
29/03/2012,Summer,2012,3,0,Fri,1,20.26,43.92,21.42,834,5299,6133
30/03/2012,Summer,2012,3,0,Sat,2,15.17,58.08,9.25,796,4663,5459
31/03/2012,Summer,2012,3,0,Sun,2,17.39,73.83,16.79,2301,3934,6235
1/04/2012,Summer,2012,4,0,Mon,2,17.46,67.63,11.54,2347,3694,6041
2/04/2012,Summer,2012,4,0,Tues,1,17.79,50.43,20.91,1208,4728,5936
3/04/2012,Summer,2012,4,0,Wed,1,19.13,39.67,6.71,1348,5424,6772
4/04/2012,Summer,2012,4,0,Thurs,1,22.21,46.96,12.13,1058,5378,6436
5/04/2012,Summer,2012,4,0,Fri,1,17.84,37.42,14.71,1192,5265,6457
6/04/2012,Summer,2012,4,0,Sat,1,16.54,37.71,20.13,1807,4653,6460
7/04/2012,Summer,2012,4,0,Sun,1,17.94,25.42,18.42,3252,3605,6857
8/04/2012,Summer,2012,4,0,Mon,1,20.5,27.58,15.58,2230,2939,5169
9/04/2012,Summer,2012,4,0,Tues,1,20.06,31.75,24,905,4680,5585
10/04/2012,Summer,2012,4,0,Wed,1,18.31,43.5,16.71,819,5099,5918
11/04/2012,Summer,2012,4,0,Thurs,1,14.3,46.96,19.78,482,4380,4862
12/04/2012,Summer,2012,4,0,Fri,1,16.3,46.63,19.46,663,4746,5409
13/04/2012,Summer,2012,4,0,Sat,1,18.14,40.83,10.42,1252,5146,6398
14/04/2012,Summer,2012,4,0,Sun,1,20.3,50.29,12.79,2795,4665,7460
15/04/2012,Summer,2012,4,0,Mon,1,24.87,50.79,15.08,2846,4286,7132
16/04/2012,Summer,2012,4,1,Tues,1,27.23,56.17,19.08,1198,5172,6370
17/04/2012,Summer,2012,4,0,Wed,1,24.94,39.04,18.33,989,5702,6691
18/04/2012,Summer,2012,4,0,Thurs,2,19,56.92,11.25,347,4020,4367
19/04/2012,Summer,2012,4,0,Fri,1,20.43,61.25,4.42,846,5719,6565
20/04/2012,Summer,2012,4,0,Sat,1,21.59,69.46,10.04,1340,5950,7290
21/04/2012,Summer,2012,4,0,Sun,1,23.37,68.29,19,2541,4083,6624
22/04/2012,Summer,2012,4,0,Mon,3,16.26,83.54,23.08,120,907,1027
23/04/2012,Summer,2012,4,0,Tues,2,13.19,76.67,20.33,195,3019,3214
24/04/2012,Summer,2012,4,0,Wed,1,16.95,45.42,16.71,518,5115,5633
25/04/2012,Summer,2012,4,0,Thurs,1,19.54,42.79,7.96,655,5541,6196
26/04/2012,Summer,2012,4,0,Fri,2,20.43,75.67,11.83,475,4551,5026
27/04/2012,Summer,2012,4,0,Sat,1,18.76,40.08,23.29,1014,5219,6233
28/04/2012,Summer,2012,4,0,Sun,2,15.44,48.96,8.71,1120,3100,4220
29/04/2012,Summer,2012,4,0,Mon,1,18.79,58.71,7.83,2229,4075,6304
30/04/2012,Summer,2012,4,0,Tues,2,19.03,57,11.5,665,4907,5572
1/05/2012,Summer,2012,5,0,Wed,2,25.15,65.96,10.46,653,5087,5740
2/05/2012,Summer,2012,5,0,Thurs,1,23.13,79.71,9.25,667,5502,6169
3/05/2012,Summer,2012,5,0,Fri,2,22.96,76.83,8.96,764,5657,6421
4/05/2012,Summer,2012,5,0,Sat,1,25.73,73.54,10.92,1069,5227,6296
5/05/2012,Summer,2012,5,0,Sun,2,25.49,75.67,10.25,2496,4387,6883
6/05/2012,Summer,2012,5,0,Mon,2,23.06,74,10.04,2135,4224,6359
7/05/2012,Summer,2012,5,0,Tues,2,22.04,66.42,15.46,1008,5265,6273
8/05/2012,Summer,2012,5,0,Wed,2,23.85,68.58,19.83,738,4990,5728
9/05/2012,Summer,2012,5,0,Thurs,2,23.58,74.42,14.5,620,4097,4717
10/05/2012,Summer,2012,5,0,Fri,1,20.74,55.21,21.04,1026,5546,6572
11/05/2012,Summer,2012,5,0,Sat,1,21.87,36.04,15.87,1319,5711,7030
12/05/2012,Summer,2012,5,0,Sun,1,23.13,48.04,8.25,2622,4807,7429
13/05/2012,Summer,2012,5,0,Mon,1,25.11,57.63,15.08,2172,3946,6118
14/05/2012,Summer,2012,5,0,Tues,2,23.51,78.96,14.25,342,2501,2843
15/05/2012,Summer,2012,5,0,Wed,2,25.08,79.46,9.88,625,4490,5115
16/05/2012,Summer,2012,5,0,Thurs,1,26.1,69.79,8.21,991,6433,7424
17/05/2012,Summer,2012,5,0,Fri,1,24.33,52,15.37,1242,6142,7384
18/05/2012,Summer,2012,5,0,Sat,1,23.13,52.33,9.17,1521,6118,7639
19/05/2012,Summer,2012,5,0,Sun,1,24.6,45.63,5.63,3410,4884,8294
20/05/2012,Summer,2012,5,0,Mon,1,25.45,53.04,17.04,2704,4425,7129
21/05/2012,Summer,2012,5,0,Tues,2,24.53,81.13,15.62,630,3729,4359
22/05/2012,Summer,2012,5,0,Wed,2,25.22,76.58,7.92,819,5254,6073
23/05/2012,Summer,2012,5,0,Thurs,2,25.49,77.46,6.83,766,4494,5260
24/05/2012,Summer,2012,5,0,Fri,1,26.86,71.67,11.58,1059,5711,6770
25/05/2012,Summer,2012,5,0,Sat,1,27.88,74.71,9.42,1417,5317,6734
26/05/2012,Summer,2012,5,0,Sun,1,28.39,73.25,13.33,2855,3681,6536
27/05/2012,Summer,2012,5,0,Mon,1,28.29,69.71,14.42,3283,3308,6591
28/05/2012,Summer,2012,5,1,Tues,1,29.21,67.63,13.17,2557,3486,6043
29/05/2012,Summer,2012,5,0,Wed,1,29.62,68.46,19.79,880,4863,5743
30/05/2012,Summer,2012,5,0,Thurs,2,26.92,67,9,745,6110,6855
31/05/2012,Summer,2012,5,0,Fri,1,27.88,49.29,13.08,1100,6238,7338
1/06/2012,Summer,2012,6,0,Sat,2,26.82,75.54,15.92,533,3594,4127
2/06/2012,Summer,2012,6,0,Sun,1,23.92,54.92,12.5,2795,5325,8120
3/06/2012,Summer,2012,6,0,Mon,1,24.7,49.33,12.33,2494,5147,7641
4/06/2012,Summer,2012,6,0,Tues,1,24.5,48.71,19.08,1071,5927,6998
5/06/2012,Summer,2012,6,0,Wed,2,22.17,61.33,14.04,968,6033,7001
6/06/2012,Summer,2012,6,0,Thurs,1,22.72,61.13,5.17,1027,6028,7055
7/06/2012,Summer,2012,6,0,Fri,1,24.7,56.71,10.54,1038,6456,7494
8/06/2012,Summer,2012,6,0,Sat,1,26.62,46.79,11.75,1488,6248,7736
9/06/2012,Summer,2012,6,0,Sun,1,29.14,43.71,9.67,2708,4790,7498
10/06/2012,Summer,2012,6,0,Mon,1,29.79,53.83,8.96,2224,4374,6598
11/06/2012,Summer,2012,6,0,Tues,2,29.55,58.79,13.92,1017,5647,6664
12/06/2012,Summer,2012,6,0,Wed,2,26.79,83.33,14.37,477,4495,4972
13/06/2012,Summer,2012,6,0,Thurs,1,26.89,58.21,23,1173,6248,7421
14/06/2012,Summer,2012,6,0,Fri,1,26.58,56.96,17,1180,6183,7363
15/06/2012,Summer,2012,6,0,Sat,1,26.21,58.96,11.83,1563,6102,7665
16/06/2012,Summer,2012,6,0,Sun,1,25.9,50.42,11.17,2963,4739,7702
17/06/2012,Summer,2012,6,0,Mon,1,24.29,59.88,9.71,2634,4344,6978
18/06/2012,Summer,2012,6,0,Tues,2,23.3,77.79,11.71,653,4446,5099
19/06/2012,Summer,2012,6,0,Wed,1,28.22,69,9.92,968,5857,6825
20/06/2012,Summer,2012,6,0,Thurs,1,32.08,59.21,7.63,872,5339,6211
21/06/2012,Autumn,2012,6,0,Fri,1,33.04,56.79,7.96,778,5127,5905
22/06/2012,Autumn,2012,6,0,Sat,1,31.88,57.38,12.25,964,4859,5823
23/06/2012,Autumn,2012,6,0,Sun,1,30,53.46,12.04,2657,4801,7458
24/06/2012,Autumn,2012,6,0,Mon,1,30.48,47.92,9.75,2551,4340,6891
25/06/2012,Autumn,2012,6,0,Tues,1,29.35,50.42,20.13,1139,5640,6779
26/06/2012,Autumn,2012,6,0,Wed,1,25.86,37.33,23.29,1077,6365,7442
27/06/2012,Autumn,2012,6,0,Thurs,1,28.6,36,18.21,1077,6258,7335
28/06/2012,Autumn,2012,6,0,Fri,1,30.72,42.25,11.5,921,5958,6879
29/06/2012,Autumn,2012,6,0,Sat,1,34.2,48.88,11.08,829,4634,5463
30/06/2012,Autumn,2012,6,0,Sun,1,31.37,60.13,10.79,1455,4232,5687
1/07/2012,Autumn,2012,7,0,Mon,1,33.45,51.88,11.29,1421,4110,5531
2/07/2012,Autumn,2012,7,0,Tues,1,32.05,44.71,13.08,904,5323,6227
3/07/2012,Autumn,2012,7,0,Wed,1,32.01,49.21,8.46,1052,5608,6660
4/07/2012,Autumn,2012,7,1,Thurs,1,32.36,53.88,9.04,2562,4841,7403
5/07/2012,Autumn,2012,7,0,Fri,1,33.93,45.79,13,1405,4836,6241
6/07/2012,Autumn,2012,7,0,Sat,1,33.96,45.08,9.79,1366,4841,6207
7/07/2012,Autumn,2012,7,0,Sun,1,35.33,49.21,10.96,1448,3392,4840
8/07/2012,Autumn,2012,7,0,Mon,1,33.72,57.38,8.42,1203,3469,4672
9/07/2012,Autumn,2012,7,0,Tues,2,29.14,68.33,12.13,998,5571,6569
10/07/2012,Autumn,2012,7,0,Wed,2,29.55,66.75,10.17,954,5336,6290
11/07/2012,Autumn,2012,7,0,Thurs,1,29.38,63.33,10.17,975,6289,7264
12/07/2012,Autumn,2012,7,0,Fri,1,29.35,52.96,9.83,1032,6414,7446
13/07/2012,Autumn,2012,7,0,Sat,2,30,48.58,5.42,1511,5988,7499
14/07/2012,Autumn,2012,7,0,Sun,2,28.84,69.92,9.63,2355,4614,6969
15/07/2012,Autumn,2012,7,0,Mon,1,30.58,71.79,11.17,1920,4111,6031
16/07/2012,Autumn,2012,7,0,Tues,1,31.3,64.5,11,1088,5742,6830
17/07/2012,Autumn,2012,7,0,Wed,1,33.55,50.58,7.67,921,5865,6786
18/07/2012,Autumn,2012,7,0,Thurs,1,32.53,57.71,9.21,799,4914,5713
19/07/2012,Autumn,2012,7,0,Fri,1,31.57,60.04,11.08,888,5703,6591
20/07/2012,Autumn,2012,7,0,Sat,2,27.3,84.42,14,747,5123,5870
21/07/2012,Autumn,2012,7,0,Sun,3,24.43,86.54,14.29,1264,3195,4459
22/07/2012,Autumn,2012,7,0,Mon,2,27.37,76.25,6.29,2544,4866,7410
23/07/2012,Autumn,2012,7,0,Tues,1,30.41,69.42,9.29,1135,5831,6966
24/07/2012,Autumn,2012,7,0,Wed,1,30.78,65.5,14.17,1140,6452,7592
25/07/2012,Autumn,2012,7,0,Thurs,1,29.69,45,11.04,1383,6790,8173
26/07/2012,Autumn,2012,7,0,Fri,1,31.84,59.67,19.08,1036,5825,6861
27/07/2012,Autumn,2012,7,0,Sat,1,32.05,59.46,10.25,1259,5645,6904
28/07/2012,Autumn,2012,7,0,Sun,1,30.99,61.33,10.54,2234,4451,6685
29/07/2012,Autumn,2012,7,0,Mon,1,29.59,62.38,11.42,2153,4444,6597
30/07/2012,Autumn,2012,7,0,Tues,1,29.96,66.88,10.29,1040,6065,7105
31/07/2012,Autumn,2012,7,0,Wed,1,29.25,70.42,11.08,968,6248,7216
1/08/2012,Autumn,2012,8,0,Thurs,1,29.42,67.75,9.46,1074,6506,7580
2/08/2012,Autumn,2012,8,0,Fri,1,30.85,65.96,8.67,983,6278,7261
3/08/2012,Autumn,2012,8,0,Sat,2,31.4,64.25,14.46,1328,5847,7175
4/08/2012,Autumn,2012,8,0,Sun,1,32.53,61.33,17.25,2345,4479,6824
5/08/2012,Autumn,2012,8,0,Mon,1,31.54,65.25,19.46,1707,3757,5464
6/08/2012,Autumn,2012,8,0,Tues,2,30.85,65.42,8.67,1233,5780,7013
7/08/2012,Autumn,2012,8,0,Wed,2,30.17,70.38,7.83,1278,5995,7273
8/08/2012,Autumn,2012,8,0,Thurs,2,30.75,67.29,7.42,1263,6271,7534
9/08/2012,Autumn,2012,8,0,Fri,1,30.99,62.04,10.46,1196,6090,7286
10/08/2012,Autumn,2012,8,0,Sat,2,29.35,71.58,16,1065,4721,5786
11/08/2012,Autumn,2012,8,0,Sun,2,28.39,73.29,13.83,2247,4052,6299
12/08/2012,Autumn,2012,8,0,Mon,1,28.73,53.04,8.21,2182,4362,6544
13/08/2012,Autumn,2012,8,0,Tues,1,29.55,54.54,9.13,1207,5676,6883
14/08/2012,Autumn,2012,8,0,Wed,1,29.79,68.67,11.33,1128,5656,6784
15/08/2012,Autumn,2012,8,0,Thurs,1,28.97,61.96,11.37,1198,6149,7347
16/08/2012,Autumn,2012,8,0,Fri,1,29.49,51.92,9.5,1338,6267,7605
17/08/2012,Autumn,2012,8,0,Sat,1,29.66,57.08,15.5,1483,5665,7148
18/08/2012,Autumn,2012,8,0,Sun,1,27.81,60.33,11.92,2827,5038,7865
19/08/2012,Autumn,2012,8,0,Mon,2,26.07,71.17,5.79,1208,3341,4549
20/08/2012,Autumn,2012,8,0,Tues,2,26.07,73.42,8.71,1026,5504,6530
21/08/2012,Autumn,2012,8,0,Wed,1,26.62,67.38,4.88,1081,5925,7006
22/08/2012,Autumn,2012,8,0,Thurs,1,27.37,67.71,4.71,1094,6281,7375
23/08/2012,Autumn,2012,8,0,Fri,1,28.53,63.58,5.67,1363,6402,7765
24/08/2012,Autumn,2012,8,0,Sat,2,28.8,61.5,4.83,1325,6257,7582
25/08/2012,Autumn,2012,8,0,Sun,2,27.13,71.29,16.38,1829,4224,6053
26/08/2012,Autumn,2012,8,0,Mon,2,26.79,84.58,15.33,1483,3772,5255
27/08/2012,Autumn,2012,8,0,Tues,1,28.84,73.04,8.63,989,5928,6917
28/08/2012,Autumn,2012,8,0,Wed,1,29.86,62,12.79,935,6105,7040
29/08/2012,Autumn,2012,8,0,Thurs,1,28.09,55.21,7.54,1177,6520,7697
30/08/2012,Autumn,2012,8,0,Fri,1,28.97,59.04,5.17,1172,6541,7713
31/08/2012,Autumn,2012,8,0,Sat,1,31.33,58.75,11.29,1433,5917,7350
1/09/2012,Autumn,2012,9,0,Sun,2,30.89,63.83,7.58,2352,3788,6140
2/09/2012,Autumn,2012,9,0,Mon,2,28.56,81.5,4.29,2613,3197,5810
3/09/2012,Autumn,2012,9,1,Tues,1,29.01,79.08,10.13,1965,4069,6034
4/09/2012,Autumn,2012,9,0,Wed,1,29.76,75.5,15.83,867,5997,6864
5/09/2012,Autumn,2012,9,0,Thurs,1,30.2,74.13,12.58,832,6280,7112
6/09/2012,Autumn,2012,9,0,Fri,2,28.56,81.04,9.54,611,5592,6203
7/09/2012,Autumn,2012,9,0,Sat,1,28.84,73.63,11.5,1045,6459,7504
8/09/2012,Autumn,2012,9,0,Sun,2,27.03,79.92,18.83,1557,4419,5976
9/09/2012,Autumn,2012,9,0,Mon,1,25.01,54.75,15.04,2570,5657,8227
10/09/2012,Autumn,2012,9,0,Tues,1,23.92,50.38,17.33,1118,6407,7525
11/09/2012,Autumn,2012,9,0,Wed,1,23.68,52,6.17,1070,6697,7767
12/09/2012,Autumn,2012,9,0,Thurs,1,24.57,57.71,8.83,1050,6820,7870
13/09/2012,Autumn,2012,9,0,Fri,1,25.11,63.71,5.54,1054,6750,7804
14/09/2012,Autumn,2012,9,0,Sat,1,25.97,67.25,6.96,1379,6630,8009
15/09/2012,Autumn,2012,9,0,Sun,1,24.94,50.17,16.58,3160,5554,8714
16/09/2012,Autumn,2012,9,0,Mon,1,23.78,57,6.04,2166,5167,7333
17/09/2012,Autumn,2012,9,0,Tues,2,23.81,73.46,10.17,1022,5847,6869
18/09/2012,Autumn,2012,9,0,Wed,2,25.56,87.25,23.96,371,3702,4073
19/09/2012,Autumn,2012,9,0,Thurs,1,22.65,53.67,14.42,788,6803,7591
20/09/2012,Autumn,2012,9,0,Fri,1,22.41,61.83,7.92,939,6781,7720
21/09/2012,Autumn,2012,9,0,Sat,1,24.57,66.88,10.33,1250,6917,8167
22/09/2012,Autumn,2012,9,0,Sun,1,26.65,64.67,19,2512,5883,8395
23/09/2012,Winter,2012,9,0,Mon,1,21.7,46.71,14.96,2454,5453,7907
24/09/2012,Winter,2012,9,0,Tues,1,21.08,49.29,9.54,1001,6435,7436
25/09/2012,Winter,2012,9,0,Wed,1,22.55,57,15.83,845,6693,7538
26/09/2012,Winter,2012,9,0,Thurs,1,26.04,63.08,16.37,787,6946,7733
27/09/2012,Winter,2012,9,0,Fri,2,26.65,69.08,9,751,6642,7393
28/09/2012,Winter,2012,9,0,Sat,2,25.39,69,11,1045,6370,7415
29/09/2012,Winter,2012,9,0,Sun,1,22.24,54.29,15.25,2589,5966,8555
30/09/2012,Winter,2012,9,0,Mon,1,21.59,58.33,9.04,2015,4874,6889
1/10/2012,Winter,2012,10,0,Tues,2,21.35,64.92,6.08,763,6015,6778
2/10/2012,Winter,2012,10,0,Wed,3,24.22,87.17,7,315,4324,4639
3/10/2012,Winter,2012,10,0,Thurs,2,26.96,79.38,4.46,728,6844,7572
4/10/2012,Winter,2012,10,0,Fri,2,26.96,72.29,7.88,891,6437,7328
5/10/2012,Winter,2012,10,0,Sat,1,25.22,62.75,7.13,1516,6640,8156
6/10/2012,Winter,2012,10,0,Sun,1,22.72,66.42,17.96,3031,4934,7965
7/10/2012,Winter,2012,10,0,Mon,2,17.05,70.83,9.46,781,2729,3510
8/10/2012,Winter,2012,10,1,Tues,2,15.72,70.96,12.71,874,4604,5478
9/10/2012,Winter,2012,10,0,Wed,2,18.31,76.17,12.75,601,5791,6392
10/10/2012,Winter,2012,10,0,Thurs,1,21.08,63.08,12.58,780,6911,7691
11/10/2012,Winter,2012,10,0,Fri,1,17.84,46.33,12.17,834,6736,7570
12/10/2012,Winter,2012,10,0,Sat,1,17.94,53.92,15.75,1060,6222,7282
13/10/2012,Winter,2012,10,0,Sun,1,16.13,49.46,9.79,2252,4857,7109
14/10/2012,Winter,2012,10,0,Mon,1,21.39,64.04,18.67,2080,4559,6639
15/10/2012,Winter,2012,10,0,Tues,2,23.03,70.75,19.83,760,5115,5875
16/10/2012,Winter,2012,10,0,Wed,1,19.2,55.83,12.21,922,6612,7534
17/10/2012,Winter,2012,10,0,Thurs,1,18.69,69.29,6.79,979,6482,7461
18/10/2012,Winter,2012,10,0,Fri,2,21.42,72.83,15.87,1008,6501,7509
19/10/2012,Winter,2012,10,0,Sat,2,23.1,81.5,9.04,753,4671,5424
20/10/2012,Winter,2012,10,0,Sun,1,19.85,57.29,7.87,2806,5284,8090
21/10/2012,Winter,2012,10,0,Mon,1,19.03,51,11.13,2132,4692,6824
22/10/2012,Winter,2012,10,0,Tues,1,19.99,56.83,5.46,830,6228,7058
23/10/2012,Winter,2012,10,0,Wed,1,22.31,64.17,6.33,841,6625,7466
24/10/2012,Winter,2012,10,0,Thurs,1,24.09,63.63,4.88,795,6898,7693
25/10/2012,Winter,2012,10,0,Fri,2,22.55,80.04,8.33,875,6484,7359
26/10/2012,Winter,2012,10,0,Sat,2,22.38,80.71,8.88,1182,6262,7444
27/10/2012,Winter,2012,10,0,Sun,2,21.73,72,15.79,2643,5209,7852
28/10/2012,Winter,2012,10,0,Mon,2,19.58,69.46,26.67,998,3461,4459
29/10/2012,Winter,2012,10,0,Tues,3,18.04,88,24,2,20,22
30/10/2012,Winter,2012,10,0,Wed,2,13.05,82.55,14.27,87,1009,1096
31/10/2012,Winter,2012,10,0,Thurs,2,14.66,66.67,11.17,419,5147,5566
1/11/2012,Winter,2012,11,0,Fri,2,15,58.17,10.54,466,5520,5986
2/11/2012,Winter,2012,11,0,Sat,1,14.56,52.21,17.83,618,5229,5847
3/11/2012,Winter,2012,11,0,Sun,2,14.08,49.13,18.13,1029,4109,5138
4/11/2012,Winter,2012,11,0,Mon,1,13.36,53.29,12,1201,3906,5107
5/11/2012,Winter,2012,11,0,Tues,1,13.09,49.42,15.83,378,4881,5259
6/11/2012,Winter,2012,11,0,Wed,1,11.51,56.71,11.63,466,5220,5686
7/11/2012,Winter,2012,11,0,Thurs,2,12.13,54.75,20.38,326,4709,5035
8/11/2012,Winter,2012,11,0,Fri,1,14.44,33.35,23.3,340,4975,5315
9/11/2012,Winter,2012,11,0,Sat,1,14.83,54.08,14.38,709,5283,5992
10/11/2012,Winter,2012,11,0,Sun,1,15.96,64.54,3.88,2090,4446,6536
11/11/2012,Winter,2012,11,0,Mon,1,17.25,65.92,8.54,2290,4562,6852
12/11/2012,Winter,2012,11,1,Tues,1,19.89,74.17,11.63,1097,5172,6269
13/11/2012,Winter,2012,11,0,Wed,2,14.08,66.29,22.92,327,3767,4094
14/11/2012,Winter,2012,11,0,Thurs,1,11.86,55.21,13.37,373,5122,5495
15/11/2012,Winter,2012,11,0,Fri,2,13.19,62.04,10.25,320,5125,5445
16/11/2012,Winter,2012,11,0,Sat,1,14.15,52.46,11.46,484,5214,5698
17/11/2012,Winter,2012,11,0,Sun,1,13.33,54.54,12.04,1313,4316,5629
18/11/2012,Winter,2012,11,0,Mon,1,14.04,69.29,15.25,922,3747,4669
19/11/2012,Winter,2012,11,0,Tues,2,15.61,62.33,15.75,449,5050,5499
20/11/2012,Winter,2012,11,0,Wed,2,15.34,68.5,5.54,534,5100,5634
21/11/2012,Winter,2012,11,0,Thurs,1,14.49,61.38,6.92,615,4531,5146
22/11/2012,Winter,2012,11,1,Fri,1,13.94,58.04,3.54,955,1470,2425
23/11/2012,Winter,2012,11,0,Sat,1,15.1,56.88,9.92,1603,2307,3910
24/11/2012,Winter,2012,11,0,Sun,1,11.41,40.46,25.25,532,1745,2277
25/11/2012,Winter,2012,11,0,Mon,1,10.08,46.83,10.08,309,2115,2424
26/11/2012,Winter,2012,11,0,Tues,1,12.85,53.54,3.13,337,4750,5087
27/11/2012,Winter,2012,11,0,Wed,2,11.96,78.67,15.92,123,3836,3959
28/11/2012,Winter,2012,11,0,Thurs,1,12.16,50.63,14.13,198,5062,5260
29/11/2012,Winter,2012,11,0,Fri,1,11.52,55.57,7.74,243,5080,5323
30/11/2012,Winter,2012,11,0,Sat,1,12.23,64.96,3.92,362,5306,5668
1/12/2012,Winter,2012,12,0,Sun,2,12.23,80.67,4,951,4240,5191
2/12/2012,Winter,2012,12,0,Mon,2,14.25,82.33,8.33,892,3757,4649
3/12/2012,Winter,2012,12,0,Tues,1,18.55,76.75,5.54,555,5679,6234
4/12/2012,Winter,2012,12,0,Wed,1,19.51,73.38,11.67,551,6055,6606
5/12/2012,Winter,2012,12,0,Thurs,1,17.97,48.5,21.71,331,5398,5729
6/12/2012,Winter,2012,12,0,Fri,1,10.49,50.88,11.71,340,5035,5375
7/12/2012,Winter,2012,12,0,Sat,2,13.15,76.42,8.75,349,4659,5008
8/12/2012,Winter,2012,12,0,Sun,2,15.65,91.13,6.79,1153,4429,5582
9/12/2012,Winter,2012,12,0,Mon,2,15.75,90.54,10.58,441,2787,3228
10/12/2012,Winter,2012,12,0,Tues,2,17.87,92.5,12.75,329,4841,5170
11/12/2012,Winter,2012,12,0,Wed,2,14.49,59.67,19.83,282,5219,5501
12/12/2012,Winter,2012,12,0,Thurs,2,12.2,53.83,10.92,310,5009,5319
13/12/2012,Winter,2012,12,0,Fri,1,12.13,48.58,11.67,425,5107,5532
14/12/2012,Winter,2012,12,0,Sat,1,11.55,64.29,8.79,429,5182,5611
15/12/2012,Winter,2012,12,0,Sun,1,13.29,65.04,7.13,767,4280,5047
16/12/2012,Winter,2012,12,0,Mon,2,14.86,83.88,6.75,538,3248,3786
17/12/2012,Winter,2012,12,0,Tues,2,16.13,90.71,6.58,212,4373,4585
18/12/2012,Winter,2012,12,0,Wed,1,16.84,66.63,14.83,433,5124,5557
19/12/2012,Winter,2012,12,0,Thurs,1,13.63,62.54,12.33,333,4934,5267
20/12/2012,Winter,2012,12,0,Fri,2,13.53,66.79,8.88,314,3814,4128
21/12/2012,Spring,2012,12,0,Sat,2,13.39,55.67,25.08,221,3402,3623
22/12/2012,Spring,2012,12,0,Sun,1,10.9,44.13,27.29,205,1544,1749
23/12/2012,Spring,2012,12,0,Mon,1,10.08,51.54,8.92,408,1379,1787
24/12/2012,Spring,2012,12,0,Tues,2,9.48,79.13,5.17,174,746,920
25/12/2012,Spring,2012,12,1,Wed,2,11.94,73.48,11.3,440,573,1013
26/12/2012,Spring,2012,12,0,Thurs,3,9.98,82.33,21.21,9,432,441
27/12/2012,Spring,2012,12,0,Fri,2,10.42,65.29,23.46,247,1867,2114
28/12/2012,Spring,2012,12,0,Sat,2,10.39,59,10.42,644,2451,3095
29/12/2012,Spring,2012,12,0,Sun,2,10.39,75.29,8.33,159,1182,1341
30/12/2012,Spring,2012,12,0,Mon,1,10.49,48.33,23.5,364,1432,1796
31/12/2012,Spring,2012,12,0,Tues,2,8.85,57.75,10.37,439,2290,2729
